Country,Rev_2024,Rev_2025,YoY_Growth_Pct,Target_Achievement_Pct,Rev_per_Customer
Belgium,301675.206,916027.1055,203.64679870310587,86.58939326667789,2844.8046754658385
France,1162769.8135,2807779.412,141.47336638783497,87.35732619552726,2799.3812681954137
Germany,1334557.6175,3457847.0005,159.1006154516967,92.25291519895352,3004.2111211989577
Ireland,339107.3005,906575.6625,167.34182990554635,95.86199563924465,2780.906940184049
Italy,875063.3465,2126799.056,143.04515376019123,92.4614979346485,2794.742517739816
Netherlands,397347.3035,1080441.817,171.91371565454708,68.24883122633841,2701.1045425
Portugal,377114.8915,956584.709,153.65869409057794,82.14586095349905,2813.4844382352944
Spain,959472.398,2217973.0675,131.1659066090195,91.7436892239343,2691.7148877427185
